{"0.805535192922787":{"id":1},"0.5447505869571239":{"id":1},"0.3020521082681096":{"id":1},"0.6027991246303193":{"id":1},"0.6527225418575315":{"id":1},"0.2510532923509887":{"id":1},"0.8050253336256226":{"id":1},"0.02440444861643254":{"id":1},"0.4908578942746973":{"id":1}}